"";"Isolate";"Geographic.Origin";"TOB_c";"Colony.size.1_4";"Margin.0_1_2";"Survival.24";"Background";"Swimming";"IL.6";"IL.10"
"CF592_Iso2";"CF592_Iso2";"Essen";"S";NA;NA;NA;"PA14-like";0;NA;NA
"CF609_Iso3";"CF609_Iso3";"Essen";"I";NA;NA;NA;"PAO1-like";NA;NA;NA
"CH2500";"CH2500";"Berlin";"S";1;1;10;"PA14-like";0,007754981;449,4044821;144,7491922
"CH2502";"CH2502";"Berlin";"S";2;1;100;"PAO1-like";1,117929385;4219,89806;547,2859734
"CH2522";"CH2522";"Berlin";"S";1;1;80;"PAO1-like";1,25880533;4009,857076;333,7903757
"CH2527";"CH2527";"Berlin";"S";2;1;95;"PAO1-like";1,236306318;3173,799166;497,6313241
"CH2543";"CH2543";"Berlin";"R";2;1;15;"PA14-like";0,751061062;422,3747223;119,0018114
"CH2560";"CH2560";"Berlin";"R";2;1;0;"PA14-like";0,799758002;25,0262165;48,83471929
"CH2582";"CH2582";"Berlin";"S";2;1;0;"PAO1-like";0,3017987;4784,313162;280,4255428
"CH2591";"CH2591";"Berlin";"R";2;1;0;"PA14-like";0,966221183;193,9993183;105,8687392
"CH2597";"CH2597";"Berlin";"S";2;2;0;"PAO1-like";1,839853799;6289,895141;308,0193431
"CH2598";"CH2598";"Berlin";"S";2;0;66,66666667;"PAO1-like";0,984140054;2271,053515;286,2691213
"CH2608";"CH2608";"Berlin";"R";2;1;3,333333333;"PA14-like";1,185805217;1347,184086;127,1175422
"CH2623";"CH2623";"Berlin";"R";1;1;0;"PAO1-like";0;938,973064;100,7520603
"CH2639";"CH2639";"Berlin";"R";2;1;NA;"PA14-like";1,013165232;15,63068262;34,2178891
"CH2657";"CH2657";"Berlin";"R";2;1;10;"PA14-like";0,930943882;19,73290438;33,84892057
"CH2658";"CH2658";"Berlin";"S";2;2;90;"PAO1-like";0,162021361;2739,144416;383,6452772
"CH2660";"CH2660";"Berlin";"S";2;1;66,66666667;"PAO1-like";0,086989123;4754,657676;352,8017157
"CH2665";"CH2665";"Berlin";"R";3;1;0;"PA14-like";0,593266084;116,9323471;93,77634756
"CH2672";"CH2672";"Berlin";"S";2;1;0;"PA14-like";0,81929319;2747,495368;361,0215146
"CH2674";"CH2674";"Berlin";"R";0;1;35;"PA14-like";0,286956179;3102,048339;425,3655264
"CH2675";"CH2675";"Berlin";"R";2;1;60;"PA14-like";1,00410878;340,9886214;71,80064504
"CH2677";"CH2677";"Berlin";"S";0;0;85;"PA14-like";0;4805,672875;428,0287223
"CH2678";"CH2678";"Berlin";"S";0;0;100;"PAO1-like";0;5965,699752;405,1605575
"CH2680";"CH2680";"Berlin";"S";2;1;0;"PAO1-like";1,636399646;6757,424746;211,6917516
"CH2682";"CH2682";"Berlin";"S";3;0;100;"PAO1-like";0;4162,324253;385,6667202
"CH2685";"CH2685";"Berlin";"S";2;1;65;"PA14-like";0,841839705;2608,287384;389,2905225
"CH2687";"CH2687";"Berlin";"S";2;1;10;"PA14-like";1,308930034;4946,982355;309,7004137
"CH2690";"CH2690";"Berlin";"S";2;1;0;"PAO1-like";1,646873956;2998,401253;379,8069061
"CH2698";"CH2698";"Berlin";"R";1;0;90;"PAO1-like";0,265710989;4092,502569;406,8219181
"CH2699";"CH2699";"Berlin";"R";2;1;0;"PA14-like";0,959646026;3715,543264;184,7048495
"CH2705";"CH2705";"Berlin";"R";1;1;0;"PA14-like";0,505386152;861,2533539;117,7318368
"CH2706";"CH2706";"Berlin";"R";2;1;0;"PAO1-like";0,180383941;3118,601207;245,9604211
"CH2707";"CH2707";"Berlin";"R";2;1;5;"PAO1-like";1,260710455;6179,341961;548,3739267
"CH2713";"CH2713";"Berlin";"S";1;0;0;"PA14-like";1,735087726;4250,211812;330,276657
"CH2718";"CH2718";"Berlin";"S";1;1;0;"PAO1-like";1,086270968;5192,749676;475,0848663
"CH2724";"CH2724";"Berlin";"S";3;2;5;"PAO1-like";0,912476526;4417,623688;256,1190037
"CH2730";"CH2730";"Berlin";"S";1;0;95;"PA14-like";0,769701006;3259,595659;401,9580705
"CH2734";"CH2734";"Berlin";"S";1;0;25;"PA14-like";0,922151044;6950,080274;213,8852077
"CH2735";"CH2735";"Berlin";"S";2;0;70;"PAO1-like";1,113280941;3754,306416;450,2638354
"CH2747";"CH2747";"Berlin";"S";2;1;20;"PAO1-like";1,205649039;6015,747515;415,0401433
"CH2748";"CH2748";"Berlin";"R";2;1;0;"PA14-like";1,159028772;879,834556;79,04059079
"CH2756";"CH2756";"Berlin";"S";2;1;85;"PAO1-like";1,531081495;9295,48959;596,078358
"CH2764";"CH2764";"Berlin";"S";2;1;25;"PAO1-like";1,457911329;4715,565929;366,7821032
"CH2824";"CH2824";"Berlin";"S";2;1;35;"PA14-like";1,163211118;7826,281842;240,5279656
"CH2829";"CH2829";"Berlin";"S";2;1;10;"PA14-like";0,916358693;4775,595682;280,3523367
"CH2848";"CH2848";"Berlin";"S";1;0;95;"PAO1-like";1,67634442;3844,637016;502,0916969
"CH2860";"CH2860";"Berlin";"S";3;1;35;"PAO1-like";1,012001965;4199,322907;332,0165699
"CH2875";"CH2875";"Berlin";"R";1;1;90;"PAO1-like";0,908302369;1024,957788;127,4949846
"CH2922";"CH2922";"Berlin";"S";1;1;80;"PA14-like";0,690791611;2980,637346;448,8811773
"CH2939";"CH2939";"Berlin";"S";2;1;0;"PAO1-like";1,812722807;6285,9216;279,8443255
"CH3173";"CH3173";"Berlin";"R";2;1;0;"PA14-like";1,249758833;23,06336807;8,813975022
"CH3177";"CH3177";"Berlin";"S";2;1;0;"PAO1-like";1,205205049;5164,127483;271,0344742
"CH3290";"CH3290";"Berlin";"R";2;1;100;"PA14-like";0,161548972;4474,911468;327,4902646
"CH3325";"CH3325";"Berlin";"S";2;1;40;"PAO1-like";0;4151,760878;298,2689724
"CH3462";"CH3462";"Berlin";"S";2;1;0;"PA14-like";1,022814507;4169,74296;209,4859266
"CH3466";"CH3466";"Berlin";"S";2;1;0;"PAO1-like";1,229603047;7127,508756;311,3216802
"CH3484";"CH3484";"Berlin";"S";2;1;90;"PAO1-like";0,211682043;6235,339239;512,1350826
"CH3549";"CH3549";"Berlin";"S";2;1;90;"PAO1-like";1,200752018;5785,159013;319,490306
"CH3570";"CH3570";"Berlin";"R";2;1;60;"PAO1-like";0,602212786;2130,611927;106,832437
"CH3613";"CH3613";"Berlin";"R";2;1;0;"PAO1-like";0,394136989;4364,820298;321,1571015
"CH3648";"CH3648";"Berlin";"R";2;1;0;"PA14-like";1,338590006;544,9363466;27,19820981
"CH3797";"CH3797";"Berlin";"S";2;1;100;"PA14-like";1,114;10676,89305;540,8062744
"CH3882";"CH3882";"Berlin";"S";2;1;5;"PAO1-like";1,08414894;6890,338892;288,4512913
"CH3906";"CH3906";"Berlin";"S";3;2;100;"PAO1-like";1,313241443;6068,702922;508,7487083
"CH4035";"CH4035";"Berlin";"R";3;0;90;"PA14-like";0,655;34,95854395;22,37514198
"CH4083";"CH4083";"Berlin";"S";2;1;NA;"PAO1-like";1,338588688;4744,842797;409,827983
"CH4411";"CH4411";"Berlin";"R";2;1;0;"PAO1-like";1,382969191;17,73637597;9,560362913
"CH4418";"CH4418";"Berlin";"S";2;1;0;"PA14-like";0,410237497;8552,482013;235,1105363
"CH4433";"CH4433";"Berlin";"R";2;1;90;NA;0,673;54,42245612;21,23040563
"CH4438";"CH4438";"Berlin";"S";1;1;100;"PAO1-like";0,32;4775,637017;439,4443246
"CH4443";"CH4443";"Berlin";"R";2;1;0;"PAO1-like";1,037213723;15,1577369;6,155019705
"CH4446";"CH4446";"Berlin";"S";2;1;0;"PAO1-like";0,796414149;6115,460386;369,3597387
"CH4489";"CH4489";"Berlin";"S";1;0;95;"PA14-like";1,295878703;7389,22956;586,2625341
"CH4509";"CH4509";"Berlin";"S";2;1;10;"PAO1-like";1,521741843;7627,231867;287,2669675
"CH4520";"CH4520";"Berlin";"S";2;1;13,33333333;"PAO1-like";1,203840821;6979,016428;190,0990574
"CH4528";"CH4528";"Berlin";"S";2;1;0;"PAO1-like";0,414150312;8447,535004;227,7893879
"CH4548";"CH4548";"Berlin";"R";2;1;3,333333333;"PA14-like";0;144,2707376;31,73268574
"CH4549";"CH4549";"Berlin";"S";3;1;66,66666667;"PAO1-like";0,803527532;4482,807293;309,5373606
"CH4560";"CH4560";"Berlin";"R";2;0;36,66666667;"PA14-like";0,909399695;9735,57557;294,3670633
"CH4584";"CH4584";"Berlin";"I";2;1;53,33333333;"PAO1-like";1,868336533;8247,364729;436,9263093
"CH4591";"CH4591";"Berlin";"S";2;0;0;"PAO1-like";1,571240814;6657,515305;254,5672392
"CH4602";"CH4602";"Berlin";"S";2;0;55;"PA14-like";1,263430646;6948,109683;361,4922557
"CH4634";"CH4634";"Berlin";"S";2;0;NA;"PA14-like";0,575679437;2373,074955;257,6117053
"CH4681";"CH4681";"Berlin";"S";2;0;90;"PAO1-like";0;6432,387421;475,9000041
"CH4684";"CH4684";"Berlin";"S";2;0;100;"PAO1-like";1,157277943;5488,842937;436,2370592
"CH4703";"CH4703";"Berlin";"S";0;0;100;"PAO1-like";0,325440778;5035,93461;434,8080788
"CH4704";"CH4704";"Berlin";"S";3;2;95;"PAO1-like";0,296400655;8110,797731;546,6490987
"CH4733";"CH4733";"Berlin";"S";1;0;90;"PAO1-like";0,668321316;6041,489918;609,4358986
"CH4745";"CH4745";"Berlin";"R";2;0;0;"PA14-like";0;96,31663803;16,17990312
"CH4755";"CH4755";"Berlin";"S";3;1;20;"PAO1-like";0;1993,876633;291,5285179
"CH4757";"CH4757";"Berlin";"S";1;0;75;"PA14-like";1,680576916;3533,965342;445,6244513
"CH4766";"CH4766";"Berlin";"S";2;0;90;"PAO1-like";0,792187115;2356,994167;308,3384538
"CH4780";"CH4780";"Berlin";"S";0;0;100;"PAO1-like";0;3485,290737;412,7248942
"CH4785";"CH4785";"Berlin";"S";2;1;25;"PAO1-like";1,128728977;2989,422892;390,584434
"CH4840";"CH4840";"Berlin";"S";3;2;90;"PAO1-like";1,252826223;3622,988208;428,604828
"CH4860";"CH4860";"Berlin";"S";2;0;10;"PAO1-like";0,413939432;3764,115342;317,3355944
"CH4862";"CH4862";"Berlin";"R";3;2;65;"PA14-like";1,301050463;58,78920503;24,42469326
"CH4877";"CH4877";"Berlin";"R";2;2;0;"PA14-like";0,740609637;2737,458885;217,2943418
"CH4878";"CH4878";"Berlin";"S";2;1;20;"PAO1-like";1,600965134;606,1096518;89,79860794
"CH4891";"CH4891";"Berlin";"S";3;1;10;"PAO1-like";1,570185539;3344,807776;359,0291708
"CH4914";"CH4914";"Berlin";"S";2;0;0;"PAO1-like";0;3705,745465;320,3873091
"CH4916";"CH4916";"Berlin";"S";2;1;95;"PA14-like";0,553368644;2923,377499;410,4911273
"CH4990";"CH4990";"Berlin";"S";0;0;100;"PAO1-like";0,948756282;2229,08672;321,2484541
"CH4992";"CH4992";"Berlin";"S";2;0;20;"PAO1-like";0,390850071;3371,09797;312,1238795
"CH5022";"CH5022";"Berlin";"R";2;1;15;"PA14-like";0,977455047;268,4447655;47,69916607
"CH5052";"CH5052";"Berlin";"R";1;1;80;"PA14-like";0,752482486;433,2422469;172,0312529
"CH5066";"CH5066";"Berlin";"S";2;1;10;"PAO1-like";1,408686413;3305,438711;265,4627944
"CH5159";"CH5159";"Berlin";"R";2;2;0;"PA14-like";0,632020231;22,97883192;25,24467398
"CH5174";"CH5174";"Berlin";"R";2;1;30;"PA14-like";1,067000998;5343,95115;369,4402167
"CH5182";"CH5182";"Berlin";"S";3;2;0;"PAO1-like";1,022461745;2534,892715;284,8124901
"CH5193";"CH5193";"Berlin";"R";2;2;0;"PA14-like";1,123640135;18,4655793;19,8189208
"CH5206";"CH5206";"Berlin";"S";2;0;95;"PAO1-like";1,328399715;1661,839626;266,0039315
"CH5262";"CH5262";"Berlin";"S";2;1;35;"PAO1-like";2,093495588;2947,163965;285,6628483
"CH5267";"CH5267";"Berlin";"S";2;1;0;"PA14-like";0,965463803;3898,185056;260,3840162
"CH5291";"CH5291";"Berlin";"S";3;1;80;"PAO1-like";1,234219387;3377,988309;247,7113409
"CH5334";"CH5334";"Berlin";"S";2;0;100;"PA14-like";0,95;1484,18;96,01497672
"CH5353";"CH5353";"Berlin";"S";2;1;0;"PAO1-like";0,940316063;2926,558029;257,6010255
"CH5356";"CH5356";"Berlin";"R";1;1;100;"PAO1-like";0,476536696;1325,778585;172,8510486
"CH5362";"CH5362";"Berlin";"S";2;1;100;"PAO1-like";1,241425148;3335,506225;282,876262
"CH5363";"CH5363";"Berlin";"S";0;0;0;"PAO1-like";1,219633208;2663,161605;250,6884937
"CH5387";"CH5387";"Berlin";"S";2;2;0;"PAO1-like";1,17441726;4477,981742;287,5325578
"CH5432";"CH5432";"Berlin";"I";1;1;55;"PAO1-like";1,022513477;2469,904378;282,0726465
"CH5462";"CH5462";"Berlin";"S";1;0;50;"PA14-like";0,785252235;1934,065022;240,5614998
"CH5464";"CH5464";"Berlin";"R";2;1;25;"PA14-like";1,018935865;33,05801271;29,11892782
"CH5478";"CH5478";"Berlin";"S";0;0;95;"PAO1-like";0,416584818;5060,044797;290,8539942
"CH5528";"CH5528";"Berlin";"S";1;0;95;"PA14-like";0;4558,457418;270,6231003
"CH5531";"CH5531";"Berlin";"S";2;0;40;"PAO1-like";1,677191379;4852,738111;203,478233
"CH5548";"CH5548";"Berlin";"S";1;0;100;"PAO1-like";0;4647,379654;312,9880634
"CH5550";"CH5550";"Berlin";"S";2;2;65;"PAO1-like";0,893466927;4774,634903;235,7251156
"CH5551";"CH5551";"Berlin";"R";1;1;0;"PAO1-like";0;327,0457457;68,45812849
"CH5591";"CH5591";"Berlin";"R";1;1;75;"PA14-like";0,138455123;3184,7845;167,9517088
"CH5596";"CH5596";"Berlin";"S";2;1;10;"PA14-like";1,545368017;3968,543652;105,5489785
"CH5597";"CH5597";"Berlin";"S";1;0;100;"PAO1-like";0;4012,524966;385,4720045
"CH5621";"CH5621";"Berlin";"S";1;0;100;"PAO1-like";0,986666007;755,2587787;62,84867731
"CH5638";"CH5638";"Berlin";"S";2;1;65;"PAO1-like";0,946756538;3010,033091;139,5287338
"CH5666";"CH5666";"Berlin";"R";2;2;0;"PA14-like";1,05372559;8,449018371;8,281621668
"CH5688";"CH5688";"Berlin";"R";2;1;0;"PA14-like";1,098041963;99,39535901;30,66148841
"CH5695";"CH5695";"Berlin";"R";2;1;5;"PA14-like";1,339302957;16,42939071;13,47672841
"Control";"Control";NA;NA;NA;NA;NA;NA;NA;2,810234652;5,323029477
"ESP002";"ESP002";"Palma de Mallorca, Spain";"S";2;0;100;"PA14-like";0,26686095;4021,174833;401,1802236
"ESP003";"ESP003";"Palma de Mallorca, Spain";"S";2;0;35;"PA14-like";0,40204125;1770,629492;237,5194377
"ESP004";"ESP004";"Palma de Mallorca, Spain";"R";2;0;100;"PA14-like";1,012257122;4979,805902;419,5641244
"ESP006";"ESP006";"Palma de Mallorca, Spain";"R";1;0;100;"PAO1-like";0;4147,184823;337,8662866
"ESP009";"ESP009";"Palma de Mallorca, Spain";"S";1;0;100;"PAO1-like";0,277304925;4594,444969;385,9179515
"ESP011";"ESP011";"Palma de Mallorca, Spain";"S";0;0;100;"PAO1-like";0;4646,058518;154,882302
"ESP012";"ESP012";"Palma de Mallorca, Spain";"R";0;0;100;"PAO1-like";0,643977648;4102,226047;397,4353223
"ESP013";"ESP013";"Palma de Mallorca, Spain";"R";1;0;95;"PAO1-like";0,723244145;337,8089828;51,86152692
"ESP015";"ESP015";"Palma de Mallorca, Spain";"S";2;0;95;"PA14-like";0;3104,784392;256,6617995
"ESP020";"ESP020";"Palma de Mallorca, Spain";"S";2;1;0;"PA14-like";0,238668666;3239,756679;120,5514074
"ESP021";"ESP021";"Palma de Mallorca, Spain";"S";1;0;50;"PA14-like";0,520273473;2714,157527;232,1805854
"ESP022";"ESP022";"Palma de Mallorca, Spain";"S";3;1;50;"PAO1-like";1,4097849;5198,118115;290,1186871
"ESP023";"ESP023";"Palma de Mallorca, Spain";"S";0;0;100;"PAO1-like";0,163038467;3978,319821;468,2357945
"ESP024";"ESP024";"Palma de Mallorca, Spain";"S";0;1;95;"PAO1-like";1,202322117;3779,580881;425,5545161
"ESP025";"ESP025";"Palma de Mallorca, Spain";"R";0;1;100;"PAO1-like";0,718756308;5583,868287;379,6027927
"ESP027";"ESP027";"Palma de Mallorca, Spain";"S";0;0;100;"PAO1-like";0,707964581;5999,195482;529,2131772
"ESP028";"ESP028";"Palma de Mallorca, Spain";"S";3;1;10;"PA14-like";0,677658122;5102,838922;336,3935147
"ESP029";"ESP029";"Palma de Mallorca, Spain";"S";2;1;100;"PAO1-like";0,630677334;6751,008494;527,1143133
"ESP031";"ESP031";"Palma de Mallorca, Spain";"S";3;1;75;"PA14-like";0,807116201;5849,340405;420,032849
"ESP032";"ESP032";"Palma de Mallorca, Spain";"S";2;0;100;"PAO1-like";0,833657031;8518,529442;441,8988609
"ESP033";"ESP033";"Palma de Mallorca, Spain";"S";3;1;0;"PA14-like";1,56984433;3679,495726;220,5136361
"ESP034";"ESP034";"Palma de Mallorca, Spain";"S";3;1;10;"PAO1-like";1,023948985;6472,231472;274,0921928
"ESP035";"ESP035";"Palma de Mallorca, Spain";"S";3;1;5;"PAO1-like";1,255848959;7192,635582;247,3664834
"ESP036";"ESP036";"Palma de Mallorca, Spain";"S";3;1;10;"PAO1-like";1,412717797;6914,444638;274,8066996
"ESP037";"ESP037";"Palma de Mallorca, Spain";"S";0;0;90;"PA14-like";0,54;5188,172471;397,3128824
"ESP038";"ESP038";"Palma de Mallorca, Spain";"S";1;0;100;"PAO1-like";1,328746003;5039,695858;411,3852143
"ESP039";"ESP039";"Palma de Mallorca, Spain";"S";0;0;100;"PAO1-like";0;6736,485406;635,188732
"ESP040";"ESP040";"Palma de Mallorca, Spain";"I";0;0;100;"PAO1-like";0;5793,356092;535,6778883
"ESP043";"ESP043";"Palma de Mallorca, Spain";"R";1;2;95;"PAO1-like";0,34416579;8649,344636;864,7792299
"ESP044";"ESP044";"Palma de Mallorca, Spain";"S";2;0;5;"PAO1-like";1,292547779;6520,510846;247,2167521
"ESP046";"ESP046";"Palma de Mallorca, Spain";"S";2;2;0;"PA14-like";0,528767652;1640,427812;130,9123701
"ESP047";"ESP047";"Palma de Mallorca, Spain";"R";0;0;95;"PAO1-like";0;2035,472393;249,7201531
"ESP050";"ESP050";"Palma de Mallorca, Spain";"S";2;1;100;"PA14-like";1,103574941;5573,493776;279,6821583
"ESP053";"ESP053";"Palma de Mallorca, Spain";"R";2;1;0;"PA14-like";0,350527367;1092,576283;101,3076183
"ESP055";"ESP055";"Palma de Mallorca, Spain";"S";2;1;80;"PAO1-like";0,812763188;5590,109564;336,3225894
"ESP057";"ESP057";"Palma de Mallorca, Spain";"S";1;1;75;"PAO1-like";0;6930,725963;539,4605718
"ESP058";"ESP058";"Palma de Mallorca, Spain";"S";1;1;0;"PAO1-like";0,397784051;4570,028757;415,423722
"ESP059";"ESP059";"Palma de Mallorca, Spain";"S";1;0;95;"PAO1-like";0,111017701;4728,631824;366,1905538
"ESP060";"ESP060";"Palma de Mallorca, Spain";"R";1;0;100;"PAO1-like";0,156511775;5445,587977;466,1829445
"ESP061";"ESP061";"Palma de Mallorca, Spain";"R";2;0;0;"PAO1-like";0,819196477;3726,240422;243,4155886
"ESP063";"ESP063";"Palma de Mallorca, Spain";"R";2;1;0;"PAO1-like";0,248705256;4923,493412;271,5004782
"ESP064";"ESP064";"Palma de Mallorca, Spain";"R";2;1;40;"PAO1-like";0,728292008;5616,018937;234,7928476
"ESP066";"ESP066";"Palma de Mallorca, Spain";"S";2;2;0;"PAO1-like";0,527801197;4772,839408;488,7185452
"ESP067";"ESP067";"Palma de Mallorca, Spain";"S";1;2;5;"PAO1-like";1,966858926;5853,877416;317,9971151
"ESP068";"ESP068";"Palma de Mallorca, Spain";"R";1;1;15;"PA14-like";0;1635,327778;148,0760632
"ESP069";"ESP069";"Palma de Mallorca, Spain";"R";1;1;0;"PAO1-like";0,433404747;9300,93275;313,5003805
"ESP070";"ESP070";"Palma de Mallorca, Spain";"S";1;0;95;"PA14-like";0,67;5995,925123;364,3809369
"ESP071";"ESP071";"Palma de Mallorca, Spain";"I";1;1;0;"PAO1-like";0,317233971;5438,720466;302,1252345
"ESP072";"ESP072";"Palma de Mallorca, Spain";"S";2;2;15;"PAO1-like";0,982159054;6252,395987;294,6336946
"ESP073";"ESP073";"Palma de Mallorca, Spain";"S";2;1;85;"PAO1-like";0,941005702;7179,521498;470,9394777
"ESP074";"ESP074";"Palma de Mallorca, Spain";"R";2;2;NA;"PAO1-like";0,840413952;4492,830369;178,8365027
"ESP075";"ESP075";"Palma de Mallorca, Spain";"S";1;1;65;"PA14-like";1,822040391;7505,693677;253,0887307
"ESP076";"ESP076";"Palma de Mallorca, Spain";"S";2;1;100;"PA14-like";1,225371866;7574,592477;293,5954898
"ESP077";"ESP077";"Palma de Mallorca, Spain";"R";1;0;100;NA;1,573937291;10294,0807;846,9602003
"ESP078";"ESP078";"Palma de Mallorca, Spain";"R";0;0;0;"PAO1-like";0,300174632;9913,789395;252,1358996
"ESP079";"ESP079";"Palma de Mallorca, Spain";"R";2;1;30;"PAO1-like";0,488874814;2546,343003;119,2258597
"ESP081";"ESP081";"Palma de Mallorca, Spain";"S";1;1;20;"PAO1-like";1,137430848;6845,20885;488,0751936
"ESP082";"ESP082";"Palma de Mallorca, Spain";"R";2;1;0;"PAO1-like";0,655518554;2050,035042;128,6444053
"ESP083";"ESP083";"Palma de Mallorca, Spain";"R";2;1;0;"PAO1-like";0,417975248;2750,348204;149,7393253
"ESP084";"ESP084";"Palma de Mallorca, Spain";"R";1;1;0;"PAO1-like";0,439483345;5731,668928;342,2142723
"ESP088";"ESP088";"Palma de Mallorca, Spain";"R";2;1;10;"PAO1-like";0,421953591;5408,031132;305,9426573
"ESP091";"ESP091";"Palma de Mallorca, Spain";"S";2;1;92,5;"PA14-like";0,820662445;3538,423406;313,1992757
"F1659";"F1659";"Frankfurt";"S";2;1;0;"PA14-like";0,217781296;3487,593046;185,5043329
"F1688";"F1688";"Frankfurt";"S";3;1;50;"PAO1-like";1,810856103;3223,060371;314,7516531
"F1689";"F1689";"Frankfurt";"S";3;1;35;"PAO1-like";1,035558318;3112,58377;309,9040453
"F1697";"F1697";"Frankfurt";"R";2;1;30;"PA14-like";0,507244446;620,8029315;97,3712034
"F1706";"F1706";"Frankfurt";"S";2;1;65;"PAO1-like";0,894693536;3313,450317;265,8565281
"F1712";"F1712";"Frankfurt";"R";2;0;75;"PAO1-like";1,330089144;480,6937203;137,6187294
"F1724";"F1724";"Frankfurt";"R";2;1;0;"PA14-like";1,152419812;1347,377251;134,7139742
"F1727";"F1727";"Frankfurt";"S";2;1;0;"PAO1-like";1,24631703;3890,350291;266,9898588
"F1741";"F1741";"Frankfurt";"R";2;1;10;"PA14-like";0,550890626;1040,755938;110,1711738
"F1745";"F1745";"Frankfurt";"R";2;1;90;"PAO1-like";0,680166111;1628,503472;194,5519311
"F1746";"F1746";"Frankfurt";"R";2;2;50;"PA14-like";0,375613496;812,5735864;124,1997128
"F1747";"F1747";"Frankfurt";"R";2;1;5;"PA14-like";0;270,0012066;76,22839515
"F1748";"F1748";"Frankfurt";"S";2;1;80;"PAO1-like";0,683808729;5028,655002;293,5326545
"F1752";"F1752";"Frankfurt";"R";2;1;25;"PAO1-like";1,053940692;2444,283763;168,3900868
"F1754";"F1754";"Frankfurt";"R";0;0;100;"PA14-like";0;4502,041987;352,7515652
"F1757";"F1757";"Frankfurt";"S";0;1;100;"PAO1-like";0;5002,097401;341,1420683
"F1758";"F1758";"Frankfurt";"S";2;1;10;"PAO1-like";0,241646055;4427,076955;197,0376396
"F1759";"F1759";"Frankfurt";"S";2;0;85;"PAO1-like";0;4655,350087;565,9320246
"F1760";"F1760";"Frankfurt";"R";2;1;80;"PAO1-like";1,429668305;54,83746229;48,46655459
"F1763";"F1763";"Frankfurt";"R";1;1;10;"PAO1-like";0;2846,348012;189,0186105
"F1764";"F1764";"Frankfurt";"S";0;0;100;"PAO1-like";0;5309,24933;578,6272334
"F1775";"F1775";"Frankfurt";"S";2;0;40;"PAO1-like";1,321971683;4686,476091;283,294583
"F1787";"F1787";"Frankfurt";"R";2;1;20;"PAO1-like";1,411773788;632,3025732;152,4282189
"F1789";"F1789";"Frankfurt";"R";1;1;5;"PAO1-like";0,347935268;3515,345282;96,48675165
"F1795";"F1795";"Frankfurt";"R";2;1;0;"PA14-like";0,930232558;3070,570948;77,53383888
"F1796";"F1796";"Frankfurt";"R";2;0;0;"PAO1-like";0,863967761;1923,780223;174,449663
"F1798";"F1798";"Frankfurt";"R";2;0;0;"PAO1-like";1,018531006;1766,877246;143,1494894
"F1800";"F1800";"Frankfurt";"S";2;1;85;"PAO1-like";0,256311589;4272,196597;198,1120517
"F1801";"F1801";"Frankfurt";"S";2;1;0;"PA14-like";0,346853595;4940,609071;220,7216646
"F1810";"F1810";"Frankfurt";"R";2;1;0;"PA14-like";0,338229265;4291,364565;60,41664857
"F1812";"F1812";"Frankfurt";"R";1;1;0;"PAO1-like";0,378984652;3354,22027;117,0040833
"F1821";"F1821";"Frankfurt";"R";2;1;0;"PAO1-like";1,154976019;3358,936297;81,94104724
"F1823";"F1823";"Frankfurt";"S";0;0;95;"PAO1-like";0,894247531;4778,753732;230,3205025
"F1853";"F1853";"Frankfurt";"R";2;1;0;"PA14-like";0,469079518;3971,98787;95,32339019
"F1862";"F1862";"Frankfurt";"S";2;1;5;"PA14-like";0,500598188;4188,045539;311,1262033
"F1864";"F1864";"Frankfurt";"R";2;1;0;"PA14-like";0,14574028;899,9598229;96,39680862
"F1869";"F1869";"Frankfurt";"R";2;1;0;"PA14-like";0,784930716;855,4987374;132,938744
"F1880";"F1880";"Frankfurt";"S";1;1;90;"PAO1-like";0;5340,248856;480,7395855
"F1883";"F1883";"Frankfurt";"S";1;0;0;"PAO1-like";0;4804,746968;449,2860663
"F1894";"F1894";"Frankfurt";"S";2;0;95;"PAO1-like";0,204558738;4452,013354;348,7002718
"F1957";"F1957";"Frankfurt";"S";2;1;0;"PA14-like";0,54072135;3652,373064;123,7645552
"F1968";"F1968";"Frankfurt";"S";2;1;10;"PAO1-like";1,585593731;4353,760414;328,0753034
"F1979";"F1979";"Frankfurt";"R";2;1;0;"PA14-like";0,187644342;579,8048239;63,94064588
"F1983";"F1983";"Frankfurt";"R";2;2;0;"PA14-like";0,278656126;234,9981867;41,20127909
"F1997";"F1997";"Frankfurt";"S";2;1;0;"PAO1-like";1,160652769;6022,455799;194,9330817
"F2000";"F2000";"Frankfurt";"R";2;1;0;"PA14-like";0,737506065;843,7904087;57,35563667
"F2003";"F2003";"Frankfurt";"S";2;0;100;"PA14-like";0,56;4698,472873;318,0695102
"F2005";"F2005";"Frankfurt";"S";2;1;10;"PAO1-like";1,454672636;4682,516232;364,8426693
"F2006";"F2006";"Frankfurt";"S";1;0;100;"PAO1-like";0,329430975;4593,696628;521,2514815
"F2010";"F2010";"Frankfurt";"S";2;1;0;"PAO1-like";0,65055668;4487,329176;520,846302
"F2017";"F2017";"Frankfurt";"S";3;1;100;"PAO1-like";0,84536935;4587,088286;635,4358252
"F2020";"F2020";"Frankfurt";"S";3;0;100;"PA14-like";0,712935854;4641,947549;532,7871796
"F2029";"F2029";"Frankfurt";"S";2;1;35;"PAO1-like";0,297393365;4538,927935;537,3919252
"F2030";"F2030";"Frankfurt";"R";2;1;0;"PA14-like";0,597202665;3692,371237;231,800796
"F2034";"F2034";"Frankfurt";"S";2;0;100;"PAO1-like";1,133243968;4806,198639;372,7889539
"F2035";"F2035";"Frankfurt";"S";2;1;85;"PAO1-like";0;4833,890275;740,8921263
"F2040";"F2040";"Frankfurt";"R";2;1;0;"PA14-like";0,974102564;3875,580472;263,5573334
"F2044";"F2044";"Frankfurt";"S";2;1;0;"PA14-like";0,892660044;2607,636063;180,872119
"F2045";"F2045";"Frankfurt";"R";0;0;100;"PA14-like";0;4755,308263;311,9500636
"F2054";"F2054";"Frankfurt";"R";2;1;0;"PAO1-like";0;4339,380602;292,6396863
"F2055";"F2055";"Frankfurt";"R";2;0;NA;"PAO1-like";0,871091748;3814,562481;257,2889686
"F2056";"F2056";"Frankfurt";"R";2;1;NA;"PA14-like";0,772443388;3701,373202;335,903321
"F2059";"F2059";"Frankfurt";"R";2;1;10;"PAO1-like";0,88227768;2413,870149;172,7873384
"F2064";"F2064";"Frankfurt";"R";2;1;NA;"PA14-like";0,21347094;733,5614968;147,537765
"F2065";"F2065";"Frankfurt";"S";2;1;NA;"PAO1-like";1,092592593;4678,799646;364,6233957
"F2073";"F2073";"Frankfurt";"R";2;1;NA;"PA14-like";0,940011319;4816,018964;370,3483434
"F2075";"F2075";"Frankfurt";"S";3;1;NA;"PAO1-like";0,993278784;4673,058185;341,0276497
"F2081";"F2081";"Frankfurt";"S";2;1;NA;"PAO1-like";0,944600675;4763,174874;466,6380547
"F2084";"F2084";"Frankfurt";"S";2;1;NA;"PAO1-like";0,775341686;4749,343612;390,850425
"F2093";"F2093";"Frankfurt";"S";2;1;NA;"PAO1-like";1,001103753;4722,842318;570,1351938
"F2097";"F2097";"Frankfurt";"R";2;1;NA;"PA14-like";0,214557306;366,0293959;81,7805677
"F2098";"F2098";"Frankfurt";"R";3;2;0;"PAO1-like";0,394776119;4268,668436;493,9805192
"F2119";"F2119";"Frankfurt";"I";1;1;NA;"PAO1-like";0,446897708;4677,910124;472,9969891
"F2128";"F2128";"Frankfurt";"S";2;1;NA;"PAO1-like";0,877669903;4636,677437;710,2936795
"F2137";"F2137";"Frankfurt";"S";2;1;50;"PAO1-like";0,286220875;4471,18649;293,5845965
"F2148";"F2148";"Frankfurt";"S";2;1;NA;"PAO1-like";0,262084752;4555,09052;269,6534039
"F2165";"F2165";"Frankfurt";"S";2;0;100;"PAO1-like";0,194467029;4494,023093;800,0781978
"F2166";"F2166";"Frankfurt";"S";3;0;100;"PAO1-like";0,247442774;4351,730894;885,1218602
"F2167";"F2167";"Frankfurt";"R";2;1;60;"PA14-like";0,826798893;3926,468601;194,3994065
"F2172";"F2172";"Frankfurt";"S";1;0;45;"PAO1-like";0;4537,013972;594,9571632
"F2176";"F2176";"Frankfurt";"R";2;1;0;"PAO1-like";1,220661157;1993,511751;196,7657825
"F2199";"F2199";"Frankfurt";"R";1;0;100;"PAO1-like";0,387252412;4111,429433;331,8761254
"F2205";"F2205";"Frankfurt";"S";3;1;10;"PAO1-like";1,219030969;4443,586763;483,7374927
"F2208";"F2208";"Frankfurt";"R";2;1;25;"PA14-like";0,097515856;703,3342236;129,7616849
"F2230";"F2230";"Frankfurt";"S";2;1;50;"PAO1-like";0,918185962;4452,376446;458,6231122
"F2234";"F2234";"Frankfurt";"S";2;1;100;"PAO1-like";0,321755265;4597,510561;334,3640618
"F2235";"F2235";"Frankfurt";"R";2;1;100;"PAO1-like";0,509973128;946,0540748;169,601083
"F2236";"F2236";"Frankfurt";"S";2;2;100;"PAO1-like";1,02617801;4430,119888;716,1934114
"F2240";"F2240";"Frankfurt";"R";0;0;100;"PAO1-like";0,203204263;4307,30678;403,9857602
"M70563004";"M70563004";"Münster";"S";2;0;100;"PAO1-like";1,128329918;4491,073762;721,9229587
"M70564993";"M70564993";"Münster";"S";1;1;100;"PA14-like";0,05;4453,775921;887,3504677
"M70565254";"M70565254";"Münster";"S";0;0;50;"PAO1-like";0;4518,099581;596,7076331
"M70565897";"M70565897";"Münster";"S";2;1;85;"PAO1-like";0,862385366;4505,372342;694,7096351
"M70604538";"M70604538";"Münster";"S";1;1;90;"PAO1-like";0,212071545;4444,679335;515,2378468
"M70608424";"M70608424";"Münster";"S";1;1;100;"PAO1-like";0,272373887;4511,884809;598,9362406
"M70635118";"M70635118";"Münster";"R";0;0;100;"PA14-like";0,63;4082,374989;389,674048
"M70638412";"M70638412";"Münster";"R";1;1;65;"PA14-like";0,293781365;4357,657178;538,2694923
"M70639645";"M70639645";"Münster";"S";2;1;100;"PAO1-like";1,449375389;4703,49823;987,1701938
"M70640096";"M70640096";"Münster";"S";2;1;95;"PAO1-like";0,780384796;4557,689104;480,2846298
"M70641593";"M70641593";"Münster";"S";2;1;45;"PAO1-like";1,132692308;4601,067375;593,8085584
"M70646050";"M70646050";"Münster";"S";2;1;100;"PAO1-like";0,575450811;4627,004898;481,6751917
"M70646077";"M70646077";"Münster";"S";2;0;75;"PAO1-like";0,30307014;4672,478614;358,4817078
"M70647319";"M70647319";"Münster";"S";1;0;NA;"PAO1-like";0,733969986;4653,114911;565,314915
"M70649365";"M70649365";"Münster";"S";0;0;NA;"PAO1-like";0,773827924;4717,968301;748,984966
"M70652746";"M70652746";"Münster";"S";2;1;0;"PAO1-like";0,761466633;4776,727012;302,1768264
"M70656672";"M70656672";"Münster";"S";1;0;0;"PAO1-like";0,640462701;3499,728857;230,9234045
"M70663247";"M70663247";"Münster";"S";2;1;5;"PA14-like";1,25975;4662,934116;331,236995
"MHH0147";"MHH0147";"Hanover";"S";0;0;NA;"PAO1-like";0;4706,245307;627,3236753
"MHH0426";"MHH0426";"Hanover";"S";0;0;NA;"PAO1-like";0,127344223;4898,943213;543,503694
"MHH0927";"MHH0927";"Hanover";"S";0;1;NA;"PAO1-like";0,667710706;4856,689328;751,9077211
"MHH0985";"MHH0985";"Hanover";"I";0;0;NA;"PAO1-like";0,104316547;4912,37195;717,4784385
"MHH14911";"MHH14911";"Hanover";"S";3;1;0;"PA14-like";0,390059235;4341,81353;240,7860936
"MHH14929";"MHH14929";"Hanover";"S";2;2;80;"PAO1-like";1,283602151;4594,081493;298,8806797
"MHH14990";"MHH14990";"Hanover";"S";1;1;20;"PAO1-like";0,152771309;4629,729615;278,2411359
"MHH15015";"MHH15015";"Hanover";"S";1;0;95;"PAO1-like";0;4767,64249;520,5722982
"MHH15083";"MHH15083";"Hanover";"R";0;1;65;"PAO1-like";0;63,30097137;56,6911486
"MHH15103";"MHH15103";"Hanover";"S";3;1;0;"PA14-like";0,689699793;3856,887267;259,7646884
"MHH15151";"MHH15151";"Hanover";"S";2;2;95;"PAO1-like";1,456294667;4706,654175;516,9671378
"MHH15187";"MHH15187";"Hanover";"S";2;2;15;"PAO1-like";0,8248616;4567,92676;390,99253
"MHH15204";"MHH15204";"Hanover";"S";1;0;85;"PA14-like";1,012997788;4454,13067;282,7089598
"MHH1525";"MHH1525";"Hanover";"R";0;0;30;"PA14-like";0,120745543;4798,077554;517,0572668
"MHH15275";"MHH15275";"Hanover";"R";1;1;30;"PAO1-like";0;28,73441666;27,92600722
"MHH15280";"MHH15280";"Hanover";"S";1;1;0;"PAO1-like";1,680303426;2858,29193;380,275059
"MHH15817";"MHH15817";"Hanover";"S";0;1;0;"PAO1-like";0,393743258;3602,107103;401,5646577
"MHH16050";"MHH16050";"Hanover";"S";1;0;95;"PAO1-like";0;4473,721219;544,7164146
"MHH16208";"MHH16208";"Hanover";"S";1;0;60;"PAO1-like";1,153571429;4295,781379;451,3996617
"MHH16371";"MHH16371";"Hanover";"S";2;1;0;"PAO1-like";1,590281944;4280,096047;582,181153
"MHH16379";"MHH16379";"Hanover";"S";2;2;20;"PAO1-like";1,040914561;4852,68025;431,5258302
"MHH16427";"MHH16427";"Hanover";"S";1;0;65;"PAO1-like";0,439659993;4875,519625;293,25847
"MHH16459";"MHH16459";"Hanover";"S";2;2;85;"PAO1-like";0,527607362;4995,587195;564,7141257
"MHH16513";"MHH16513";"Hanover";"S";2;1;15;"PAO1-like";0,922513089;4829,660024;266,9959892
"MHH16530";"MHH16530";"Hanover";"S";0;1;100;"PA14-like";0,32;3509,222805;271,0132285
"MHH16563";"MHH16563";"Hanover";"S";1;1;95;"PA14-like";0,283910141;4895,041082;477,3258978
"MHH16610";"MHH16610";"Hanover";"S";3;1;30;"PAO1-like";0,709667146;4687,702546;358,4368506
"MHH16727";"MHH16727";"Hanover";"S";3;1;0;"PA14-like";0,5905837;2164,742372;169,1400666
"MHH16798";"MHH16798";"Hanover";"S";2;1;30;"PAO1-like";0,719016047;5006,184359;473,4502352
"MHH16951";"MHH16951";"Hanover";"I";0;0;100;"PA14-like";0;4447,723911;701,8665693
"MHH17233";"MHH17233";"Hanover";"R";1;1;5;"PA14-like";0,319978632;1178,163252;248,6618045
"MHH17247";"MHH17247";"Hanover";"S";2;1;25;"PAO1-like";0,338273531;4641,199534;467,3093451
"MHH17441";"MHH17441";"Hanover";"R";1;0;100;"PA14-like";0,435229927;3016,710313;635,5555749
"MHH17501";"MHH17501";"Hanover";"S";0;0;95;"PAO1-like";0,8794926;4294,72062;404,3784949
"MHH17546";"MHH17546";"Hanover";"R";0;0;100;"PAO1-like";0;5039,867828;1147,089947
"MHH17767";"MHH17767";"Hanover";"R";0;0;NA;"PAO1-like";0,100861816;5041,481574;825,5338306
"MHH17783";"MHH17783";"Hanover";"S";0;0;NA;"PAO1-like";0,969387755;5048,757343;980,5957288
"MHH1883";"MHH1883";"Hanover";"S";0;0;NA;"PA14-like";0;4935,614273;803,0054357
"MHH2419";"MHH2419";"Hanover";"S";0;1;NA;"PAO1-like";0,292307692;5002,463005;917,3463309
"MS1";"MS1";"Münster";"S";2;1;10;"PAO1-like";0;4294,237397;415,3874255
"MS2";"MS2";"Münster";"S";0;1;NA;"PAO1-like";0;4346,379443;889,8892904
"MS5";"MS5";"Münster";"S";0;0;100;"PAO1-like";0;4399,611758;743,9016981
"PA14";"PA14";NA;NA;NA;NA;NA;"PA14-like";NA;4527,5;308,885
"PAO1";"PAO1";NA;NA;NA;NA;NA;"PAO1-like";NA;5550,809291;319,1011898
"PSAE1401";"PSAE1401";"Stuttgart";"S";2;1;10;"PAO1-like";1,209969008;4389,149576;415,0691912
"PSAE1438";"PSAE1438";"Stuttgart";"S";3;1;30;"PAO1-like";1,24795082;4311,281576;532,1215672
"PSAE1439";"PSAE1439";"Stuttgart";"S";3;1;10;"PAO1-like";1,184570833;4322,951497;429,6790404
"PSAE1630";"PSAE1630";"Gera";"S";2;1;70;"PAO1-like";0,4;4424,489725;723,5395222
"PSAE1635";"PSAE1635";"Munich";"S";2;1;100;"PA14-like";0,22;4299,453804;305,5049656
"PSAE1641";"PSAE1641";"Munich";"S";2;1;75;"PA14-like";0,639325843;2419,301431;249,591536
"PSAE1642";"PSAE1642";"Munich";"S";2;1;95;"PA14-like";0,2330765;1627,948528;160,1441986
"PSAE1645";"PSAE1645";"Munich";"S";2;1;25;"PA14-like";0,906476829;4457,366672;417,4077314
"PSAE1647";"PSAE1647";"Munich";"S";1;1;95;"PA14-like";0,25;3936,724454;279,1397328
"PSAE1649";"PSAE1649";"Munich";"S";2;1;35;"PA14-like";0;1489,432912;139,7048749
"PSAE1651";"PSAE1651";"Munich";"S";1;1;100;"PA14-like";0,21;3057,438644;147,5016162
"PSAE1654";"PSAE1654";"Munich";"S";2;1;90;"PA14-like";0,259067358;3198,913039;150,028204
"PSAE1656";"PSAE1656";"Munich";"S";2;1;55;"PA14-like";0;1498,922294;134,7625992
"PSAE1742";"PSAE1742";"Freiburg";"S";2;0;75;"PAO1-like";0;4232,965721;353,0617124
"PSAE1745";"PSAE1745";"Munich";"R";1;1;90;"PAO1-like";0,384676357;873,2826491;82,55633084
"PSAE1837";"PSAE1837";"Gera";"S";2;1;90;"PA14-like";1,576540384;3486,47253;304,3284629
"PSAE1872";"PSAE1872";"Berlin";"S";2;1;20;"PAO1-like";1,28631139;2876,068463;201,7364624
"PSAE1903";"PSAE1903";"Gera";"S";2;1;95;"PAO1-like";0,6425;4204,152505;280,4608874
"PSAE1912";"PSAE1912";"Regensburg";"S";2;1;70;"PAO1-like";0,951186624;4044,92544;336,9812348
"PSAE1934";"PSAE1934";"Bremen";"S";1;1;100;"PAO1-like";0,206113899;4315,635312;212,0212176
"PSAE1970";"PSAE1970";"Regensburg";"S";3;2;85;"PAO1-like";1,04173863;4393,808;357,7918318
"PSAE1975";"PSAE1975";"Regensburg";"S";0;0;100;"PAO1-like";0,615173172;4219,882487;341,4075851
"PSAE1984";"PSAE1984";"Bremen";"S";0;0;65;"PAO1-like";0;4218,865637;159,7150644
"PSAE2125";"PSAE2125";"Neubrandenburg";"S";2;1;95;"PAO1-like";0,465372508;3979,238778;560,8974944
"PSAE2126";"PSAE2126";"Neubrandenburg";"S";2;0;45;"PAO1-like";2,227137407;3051,775882;375,4312879
"PSAE2127";"PSAE2127";"Hungary";"R";0;2;95;"PA14-like";0,632841328;4641,260908;466,8843909
"PSAE2139";"PSAE2139";"Romania";"R";2;1;10;"PA14-like";1,039181287;959,2452151;240,9832158
"PSAE2325";"PSAE2325";"Neubrandenburg";"S";2;1;0;"PAO1-like";1,726347305;2147,581894;474,1388696
"SH102";"SH102";NA;NA;NA;NA;NA;NA;NA;3814,613388;219,7896782
"SH702";"SH702";NA;NA;NA;NA;NA;NA;NA;4522,76502;338,8112181
"SH707";"SH707";NA;NA;NA;NA;NA;NA;NA;4479,252187;264,3092569
"Vb20477";"Vb20477";"Essen";"R";2;0;75;"PA14-like";0,234954179;1915,010437;195,4591309
"Vb3320";"Vb3320";"Essen";"S";1;0;75;"PA14-like";1,274056164;3331,156903;457,3924853
"ZG02420619";"ZG02420619";"Riesa";"S";3;1;85;"PAO1-like";0,797935904;4457,7095;625,3848006
"ZG02488718";"ZG02488718";"Radebeul";"S";3;1;5;"PA14-like";NA;4550,395762;309,4752414
"ZG02512057";"ZG02512057";"Radebeul";"S";1;0;85;"PA14-like";0,853373232;4626,095761;503,5857393
"ZG205565";"ZG205565";"Görlitz";"S";2;1;0;"PAO1-like";0,718916622;2794,041395;472,079888
"ZG205694";"ZG205694";"Görlitz";"S";2;1;5;"PAO1-like";0,586499123;2528,117972;158,8298468
"ZG205710";"ZG205710";"Görlitz";"S";1;1;95;"PAO1-like";1,000821468;4553,271421;582,4893489
"ZG205864";"ZG205864";"Görlitz";"R";2;0;NA;"PAO1-like";0,95513165;4276,157669;472,3406923
"ZG301975";"ZG301975";"Görlitz";"S";2;1;0;"PA14-like";0,598383455;3285,896707;508,7812364
"ZG302359";"ZG302359";"Görlitz";"S";1;1;0;"PAO1-like";0,755764075;3512,599224;372,9296252
"ZG302367";"ZG302367";"Görlitz";"S";2;1;15;"PAO1-like";1,473088531;3648,031001;399,092419
"ZG302368";"ZG302368";"Görlitz";"S";2;2;47,5;"PAO1-like";1,073596358;3789,92794;345,9192172
"ZG302370";"ZG302370";"Görlitz";"S";2;1;100;"PAO1-like";0,524800853;4526,627974;437,8012746
"ZG302383";"ZG302383";"Görlitz";"S";2;1;0;"PA14-like";1,051491676;4431,938079;412,0674353
"ZG302431";"ZG302431";"Görlitz";"S";2;2;0;"PAO1-like";1,15584779;2958,846264;357,1749837
"ZG302432";"ZG302432";"Görlitz";"S";2;1;0;"PAO1-like";0;3395,536783;393,2071631
"ZG302442";"ZG302442";"Görlitz";"S";2;1;5;"PA14-like";1,2668678;3382,139644;266,6200383
"ZG302451";"ZG302451";"Görlitz";"S";2;2;0;"PAO1-like";1,826677316;3035,211437;399,3154754
"ZG314696";"ZG314696";"Görlitz";"S";2;1;0;"PAO1-like";1,050993377;3004,23625;472,4539363
"ZG314738";"ZG314738";"Görlitz";"S";2;0;65;"PA14-like";1,115385292;3386,540875;198,5923304
"ZG314777";"ZG314777";"Görlitz";"S";2;2;55;"PAO1-like";0,774834437;8956,380886;299,2786639
"ZG316694";"ZG316694";"Görlitz";"S";2;1;0;"PAO1-like";1,862880886;3865,804041;241,5486691
"ZG316704";"ZG316704";"Görlitz";"S";2;1;60;"PA14-like";2,02688172;4212,301168;206,8859273
"ZG316716";"ZG316716";"Görlitz";"S";2;2;5;"PAO1-like";1,35543842;3098,072521;259,830153
"ZG316722";"ZG316722";"Görlitz";"S";2;1;0;"PA14-like";1,074355972;4252,039235;207,8547617
"ZG322541";"ZG322541";"Zwickau";"R";1;1;0;"PAO1-like";0,965863454;4008,97693;202,8233753
"ZG5003493";"ZG5003493";"Leipzig";"S";2;2;80;"PAO1-like";0,339937107;4623,268663;502,3242547
"ZG5021922";"ZG5021922";"Leipzig";"R";2;1;0;"PA14-like";0,985774818;18,2557192;28,42382273
"ZG5048010";"ZG5048010";"nd";"R";1;1;NA;"PA14-like";0,655498282;9,683772686;22,29723226
"ZG5051896";"ZG5051896";"nd";"R";2;1;NA;"PAO1-like";1,341150719;927,1852753;163,2743382
"ZG5089456";"ZG5089456";"nd";"R";2;1;NA;"PAO1-like";0;3184,515062;372,1026146
"ZG8006959";"ZG8006959";"Leipzig";"R";2;1;NA;"PA14-like";0,428571429;1603,051186;144,8992472
"ZG8038581181";"ZG8038581181";"Chemnitz";"R";2;1;NA;"PAO1-like";0,906495568;3341,352527;222,4528027
"ZG8510487";"ZG8510487";"Leipzig";"R";1;1;NA;"PAO1-like";0;1359,837268;274,8213442
"ZG8525123";"ZG8525123";"nd";"R";1;0;NA;"PAO1-like";0;2801,432634;294,769036
